{
  "final_train_loss": 0.011843021027743816,
  "final_val_loss": 0.01739475689828396,
  "test_loss": 0.03425484523177147,
  "test_mae": 0.16615743935108185,
  "test_r2_score": -4.123526096343994,
  "epochs_trained": 44,
  "early_stopped": true,
  "num_parameters": 81985,
  "train_pairs": 17,
  "val_pairs": 3,
  "test_pairs": 5,
  "num_drugs": 5,
  "num_diseases": 5
}